SKU;CHUNK;Pregunta;Respuesta
19812;papelera buzon 10 con  pedal de la marca duraplast del area de baños para los organizacion de baño de la linea tachos de procedencia nacional. acabado satinado, altura del producto 30.00 cm, ancho del producto 24.20 cm, profundidad del producto 25.00 cm, volumen del producto 18150, ean 7757137003420, medidas 24.20x25.00x30.00, tipo de producto papelera, modelo buzón, color aleatorio, material plástico, garantía 1 año, procedencia nacional, país de origen perú. Papelera de plástico con capacidad de hasta 10 litros. Cuenta con pedal.. Tacho de plástico en su totalidad, cuenta con pedal, cuerpo de forma cuadriculada, tapa del mismo material del cuerpo mecanizadas desde el pedal para su fácil control y manipulación. Uso doméstico, no exceder la capacidad del producto. Viene en colores negro, blanco mármol y beige. Se recomienda limpiar con un limpiavidrios, una solución de agua + jabón o productos especializado para la limpieza de metales, aplicándolo con un paño de poliseda o de microfibra semihumedo. Se recomienda usar en superficies planas.;Necesito una papelera con pedal de preferencia color negro.;Tenemos papelera buzon 10 con pedal duraplast.
149655;piso tec atenas mrfl r.sma 45x45 2.23m2 de la marca celima del area de pisos y revestimientos para los pisos marmolizados de la linea ceramicos marmolizados de procedencia nacional. acabado brillante, altura del producto 0.70 cm, ancho del producto 45.00 cm, profundidad del producto 45.00 cm, volumen del producto 1417.5, ean 7751239159016, medidas 45.00x45.00x0.70, tipo de producto revestimiento, modelo atenas, color gris, material cerámica, garantía 5 años, procedencia nacional, país de origen perú. Dale un toque distinto a tus interiores con esta cerámica marmolizado de alta calidad, atractivo diseño y de fácil instalación.. De excelente calidad. Resistencia y durabilidad.. . Leer la indicaciones o instrucciones del producto para una correcta instalación. Instalar sobre superficie limpia, nivelada y seca. Elegir el producto correcto según el ambiente a utilizar. Elegir el pegamento correcto según la superficie. Elegir el producto con el tránsito adecuado según el uso que le vaya a dar. Para su instalación adquirir un 10% adicional, según su diseño a instalar, y evitar faltantes. Para su limpieza general usar un paño humedecido.;como puedo limpiar un piso ceramico?;Se recomienda limpiar con un paño humedecido.
153567;lámpara de mesa solo2 1x40w de la marca eglo del area de iluminacion para los iluminacion decorativa de la linea lamparas de mesa de procedencia nacional. altura del producto 41.50 cm, ancho del producto 26.00 cm, profundidad del producto 26.00 cm, volumen del producto 28054, diametro del producto 26.00 cm, ean 9008606235346, medidas 26.00x26.00x41.50, tipo de producto lámpara, modelo solo 2, color negro, material acero, garantía 2 años, procedencia nacional, país de origen china. Complementa la iluminación de tus espacios con la lámpara de mesa que cuenta con un diseño inspirado en las últimas tendencias para hacer de tu sala un espacio mucho más acogedor.. Se compone de una base de metal en color negro y una pantalla redonda de cristal vaporizado en color negro-transparente (fumé). Gracias a su diseño moderno, la lámpara de mesa se adapta a casi cualquier estilo y se puede encender y apagar fácilmente con el interruptor del cable. Ofrece una iluminación acogedora en cualquier estancia, ya sea en la mesita de noche en el dormitorio, en el salón o el pasillo. La bombilla no está incluida. La lámpara es apta para cualquier bombilla con casquillo E27. IP20.. Garantía de 2 años.. Asegurarse de una correcta instalación.;tengo una lampara de mesa, que foco utiliza?;cualquier bombilla con castillo E27.
149436;locker plastico abs lp102 llave doblepin verd de la marca maletek del area de organizacion y decoracion para los repisas y estanterias de la linea estanterias de procedencia nacional. altura del producto 194.00 cm, ancho del producto 38.00 cm, profundidad del producto 50.00 cm, volumen del producto 368600, ean 2000001494363, medidas 38.00x50.00x194.00, tipo de producto casillero, modelo locker, color verde, material metal, garantía 1 año, procedencia nacional. Ideal para guardar objetos personales como ropa, bolsas de deporte, libros y demás. Pueden ser utilizados en sitios públicos y en vestuarios.. Modulares, que proveen máxima seguridad. Ofrecen alto rendimiento en áreas de calor y humedad. Fáciles de limpiar y mantener. Eficientes y seguros.. Garantía Maletek de 6 meses por defectos de fabricación.. Ideales para aplicaciones en diversos espacios e industrias. Colocar sobre superficies completamente planas.;busco un casillero con llave;Tenemos un locker plastico abs.
126558;lirio blanco - 91 cm de la marca orange del area de jardin para los deco jardin de la linea flores artificiales sueltas de procedencia importado. altura del producto 91.00 cm, ancho del producto 15.00 cm, profundidad del producto 15.00 cm, volumen del producto 20475, ean 3015067000006, medidas 15.00x15.00x91.00, tipo de producto flor, modelo lirio, color blanco, material poliuretano, garantía por defecto de fabricación, procedencia importado, país de origen china.  A diferencia de las plantas naturales, las plantas artificiales no requieren agua, ni se marchitan o mueren.br• Mantenimiento mínimo, sólo limpieza.. Para decorar ambientes. Fácil de limpiar y mantener.. Conservar el lugares adecuados para una mejor duración. Limpiar periódicamente para evitar que se adhieran sustancias no deseadas al producto. Para una mejor limpieza primero quitar el polvo con un plumero, luego enjuagar con agua y finalmente limpiar con un paño seco.;como puedo limpiar mis flores artificailes?;Primero quita el polvo con un plumero, luego enjuaga y finalmente limpia con un paño seco.
33021;reflector portatil x 500w de la marca total del area de iluminacion para los iluminacion exterior de la linea reflectores de procedencia importado. altura del producto 24.00 cm, ancho del producto 19.00 cm, profundidad del producto 13.50 cm, volumen del producto 6156, ean 2000000330211, medidas 19.00x13.50x24.00, tipo de producto reflector, modelo portatil, color negro, material vidrio, garantía 1 año, procedencia importado, país de origen china. Perfecto para exteriores por su increíble potencia este reflector con foco halógeno promete iluminar cualquier espacio, ambiente oscuro para resaltar y dar enfoque a ese objeto que deseas destacar. Lo puedes instalar en jardines, patios exteriores de recepciones, salas, auditorios, centros comerciales. En realidad cualquier lugar que busques alumbrar. Es recomendable que no tocar el vidrio ni el foco cuando este está prendido pues genera alta temperatura que podría lastimar tu piel.. Reflector halógeno portátil, mango de metal con recubrimiento de jebe, tiene vidrio templado con rejilla de seguridad, cuenta con cable y envhufe además tiene tornillos y perilla de ajuste.. Capacidad máxima de operación 220V, además las perillas de ajuste me permiten regular el ángulo de iluminación que deseo. Utilizar un paño para colocar el foco al reflector.;¿Tienen un focos o luces  portátil para exteriores que funcione ?;Sí, contamos con un reflector portátil de 500W con foco halógeno, ideal para exteriores, con operación máxima de 220V y perillas para ajustar el ángulo de iluminación.
146725;cierrapuerta modelo 3005 de la marca yale del area de ferreteria para los herrajeria de la linea bisagras puertas y ventanas de procedencia nacional. altura del producto 8.90 cm, ancho del producto 31.20 cm, profundidad del producto 10.30 cm, volumen del producto 2860.104, ean 7704359070198, medidas 31.20x10.30x8.90, tipo de producto cierrapuertas, modelo 3005, color plata, material acero, garantía de por vida, procedencia nacional, país de origen china. Excelente calidad. Resistencia y durabilidad. Disfruta de lo más nuevo que Promart.pe trae para ti.. Excelente calidad. Resistencia y durabilidad.. . Limpieza en seco.;¿Tienen  chapa con las tres b de bueno bonito y barato, que sea de buena calidad para abrir y cerrar puertas y ventanas para mi casa?;Sí, contamos con el cierrapuertas Yale modelo 3005, hecho de acero, color plata y con buena  garantía,  y con las tres b.
152300;ramo de peonias rosas de la marca atmosphera del area de jardin para los deco jardin de la linea flores artificiales sueltas de procedencia importado. altura del producto 31.50 cm, ancho del producto 25.00 cm, profundidad del producto 25.00 cm, volumen del producto 19687.5, diametro del producto 0, ean 3560234531789, medidas 25.00x25.00x31.50, tipo de producto planta, modelo ramo de peonías. 4 unidades, color rosa, material poliéster, garantía 2 años, procedencia importado, país de origen francia. Las plantas artificiales son perfectas para decorar tu hogar debido a que nunca perderán su belleza. Por otro lado son muy fáciles de limpiar y no necesitan mayor cuidado.. Excelente calidad. Resistencia y durabilidad.. No aplica. Limpiar con paño semi húmedo.;¿Tienes esos  ramos de flores de plastico o  flores artificiales de cualquier color  para que decore mi casa, por que se mueren mis plantas  de verdad?;Sí, contamos con el ramo de peonías rosas Atmosphere, de material poliéster, muy decorativo y fácil de limpiar, sin necesidad de mayor cuidado, te van a durar toda la vida.
158016;silla zero gravedad metal textileno gris silver de la marca orange del area de aire libre y temporada para los terrazas de la linea sillas de playa y jardín de procedencia importado. altura del producto 160.00 cm, ancho del producto 65.00 cm, profundidad del producto 108.00 cm, volumen del producto 1123200, ean 2000001580165, medidas 65.00x108.00x160.00, tipo de producto silla, modelo zero gravedad, color gris, material metal, garantía 5 años, procedencia importado, país de origen china. La Silla Zero es ideal para patios y terrazas. Perfecta para compartir gratos momentos al aire libre con la familia y amigos.. Descansa libre de preocupaciones en esta silla Zero, fabricada con una resistente estructura de metal que te dará toda la comodidad que necesitas para pasar un verano inolvidable. Ideal para terrazas o para poner al costado de la piscina.. Colocar en una superficie plana.. Zero gravedad. Gracias a sus 6 posiciones, permite adoptar diversas posiciones de descanso.;¿Tienes una silla de playa que se reclinable o doble y  que no pese tanto, para usarlo en mi terraza o en la playa, que  resista el peso de gorditos como yo y que sea comodo para liberar el estrés de la  chamba  tomandome  mis chelas  bien helenas?;Sí, contamos con la silla Zero Gravedad de metal y textileno, ideal para terrazas, muy resistente y con 6 niveles de descanso.
145793;"atornillador gsr 18v-60fc 2bat de la marca bosch del area de herramientas para los herramientas electricas inalambricas de la linea atornilladores inal de procedencia nacional. altura del producto 24.60 cm, ancho del producto 6.30 cm, profundidad del producto 14.00 cm, volumen del producto 2169.72, ean 3165140906203, medidas 6.30x14.00x24.60, tipo de producto taladro, modelo gsr 18v-60 fc, color azul, material metal/poliamida, garantía 2 años, procedencia nacional, país de origen malasia. De diseño ergonómico, cómodo y de fácil de manejar. Potente incluso en zonas de difícil acceso gracias al alto par de apriete.. El exclusivo sistema Flexiclick desarrollado por Bosch, ofrece 4 tipos de mandril para afrontar perfectamente diversos desafíos. Tiene un mandril hexagonal de 1/4"" con acoplamiento rápido y fácil de las puntas. Mandril metálico de apriete rápido para un uso más práctico de las brocas. Mandril angular adecuado para áreas estrechas con 16 ajustes de ángulo y mandril SDS-Plus para instalar muebles que requieren fijación en concreto. Además, está equipado con la función de conectividad Bluetooth a través del módulo GCY 42 (vendido por separado), para acceder a funcionalidades exclusivas a través del celular;sólo necesita descargar la aplicación Bosch Toolbox disponible en Apple Store y Google Play Store.. . Utilizar elementos de seguridad como guantes y lentes al momento de usar el producto.";¿necesito un atornillador que no tenga cbale esos que funciona con bateria osea que sea inalámbrico que tenga fuerza o  potente que tenga varios tipos de puntas para atornillar, que se pueda cambiar  y que tenga Bluetooth?;Sí, contamos con el atornillador Bosch GSR 18V-60 FC, que incluye 4 tipos de mandril con acoplamiento rápido y es compatible con el módulo Bluetooth GCY 42 (se vende por separado).
162470;i&o-headphones wireless akz-01 de la marca sm del area de electricidad para los tecnologia de la linea computo de procedencia importado. altura del producto 3.00 cm, ancho del producto 8.00 cm, profundidad del producto 9.00 cm, volumen del producto 216, ean 2000001624708, medidas 8.00x9.00x3.00, tipo de producto audífono, modelo wireless akz-01, color negro, material abs, garantía por defecto de fabricación, procedencia importado, país de origen china. . . . ;¿Tienen audífonos inalámbricos  con blultooth de cualquier color que se conceto con mi computadora y mi celular?;Sí, contamos con los audífonos inalámbricos AKZ-01, de color negro y material ABS, ideales para uso en computadoras.
127423;"valvula esfera 1/2"" pegar duke de la marca sm del area de gasfiteria para los accesorios de gasfiteria de la linea valvulas hidraulicas de procedencia nacional. altura del producto 6.00 cm, ancho del producto 3.50 cm, profundidad del producto 6.50 cm, volumen del producto 136.5, diametro del producto 1.27 cm, ean 7795418019715, medidas 3.50x6.50x6.00, tipo de producto válvula, modelo pegar duke, color gris, material pvc, garantía 06 meses por defectos de fabricación, procedencia nacional, país de origen argentina. Todo lo que necesitas en gasfitería está en Promart, y ahora tenemos para ti la Válvula Esfera. Compacta, de unión con adhesivo.. Compacta, de unión con adhesivo.. . Instalar con adhesivo PVC.";¿Tienen esa cosa que se pone en el tubo para abrir y cerrar el paso del agua, creo que es como una válvula de media pulgada que sea de plastico,  PVC?;"Sí, contamos con la válvula esfera 1/2"" Pegar Duke, hecha de PVC, color gris y de unión con adhesivo."
128915;bestway sillon inflable color surtido 112 cm de la marca bestway del area de aire libre y temporada para los camping de la linea colchones inflables de procedencia importado. acabado no aplica, altura del producto 66.00 cm, ancho del producto 112.00 cm, profundidad del producto 112.00 cm, volumen del producto 827904, diametro del producto 112.00 cm, ean 6942138961553, medidas 112.00x112.00x66.00, tipo de producto sillón, modelo 75052, color aleatorio, material plástico, garantía por defecto de fabricación, procedencia importado, país de origen china. Disfruta de un descanso con este sillón inflable, ideal para tu cuarto o cualquier para colocarlo en cualquier parte de tu hogar.. 2 cámaras de aire para una mayor estabilidad. Uso en interior y exteriores.. Los colores son surtidos.No hay color en especifico.. Colocar en espacio liso y limpio, para brindar todas las comodidades requeridas. Limpiar y hacer mantención cada cierto tiempo.;¿Tienes un sillón que se pueda inflablar y desinfllar para usar en la playa o en cualquier lugar de la casa, y que sea facil de transportar?;Sí, contamos con el sillón inflable Bestway de 112 cm, con 2 cámaras de aire para mayor estabilidad y apto para uso en interiores y exteriores. Los colores son surtidos.
14161;"pack x5 disco corte ac. 7""skil de la marca skil del area de herramientas para los accesorios para herramientas electricas de la linea discos de corte de procedencia nacional. volumen del producto 0, ean 1100000295365, color no aplica, garantía 1 año, procedencia nacional. . . . ";¿Tienen discos de corte de 7 pulgadas para amoladora o herramientas eléctricas?;"Sí, contamos con el pack de 5 discos de corte de 7"" de la marca Skil, compatibles con herramientas eléctricas."
108973;atornillador 12v th-cd 12-2 li mp de la marca einhell del area de herramientas para los herramientas electricas inalambricas de la linea atornilladores inal de procedencia importado. altura del producto 17.00 cm, ancho del producto 19.00 cm, profundidad del producto 5.50 cm, volumen del producto 1776.5, ean 4006825592436, medidas 19.00x5.50x17.00, tipo de producto atornillador, modelo th-cd 12-2 li, color rojo, material metal/plástico, garantía 3 años, procedencia importado, país de origen alemania. - Batería de iones de litio: sin autodescarga, pequeña, ligera, de fácil manejo- Motor de gran potencia y engranaje metálico para par de giro elevado- Mandril portabrocas de sujeción rápida + parada rápida para cambio de herramientas sencillo- Unidad electrónica de precisión para regular el número de revoluciones para trabajos delicados- Acoplamiento a fricción de par contra el paso de rosca de tornillos- Forma constructiva esbelta con superficies ergonómicas de la empuñadura antideslizante. Atornillador pequeño y liviano,  de 12v de batería extraíble. Batería de litio de 1.3 amp de almacenamiento de carga. Empuñadura ergonómica, cómoda y de fácil agarre. Gatillo de encendido con velocidad electrónica variable a pulso. Selector de giro izq/der. 2 velocidades mecánicas de alta y baja, según requiera la necesidad. Sistemas de rotación para perforación de madera, metal, mayólica, PVC y atornillado. Cuenta con 19 niveles de torque regulables según la fuerza que necesite para atornillar. Mandril plástico de ajuste manual sin necesidad de llave y encastre universal para todo tipo de brocas y punteras.. Herramienta inalámbrica de carga monofásica a 220. Tener en cuenta que mientras más uso tiene el producto, menor va a ser el lapso de tiempo en que le de mantenimiento, en promedio cada 3 meses.. Leer manual o indicaciones del producto antes de utilizar para dar un uso eficaz. Almacenar el aparato y sus accesorios en un lugar oscuro, seco, protegido de las heladas. No sobre pasar la capacidad optima de trabajo en cada material para evitar menor tiempo de trabajo. Utilizar el torque y velocidad adecuada según el tipo de trabajo a realizar, tanto como atornillador o perforador.  Utilizar la broca o accesorio adecuado según el trabajo que vaya a realizar. Limpiar la máquina con una compresora o sopladora. No manipular la herramienta internamente.;¿Tienen un taladro atornillador pequeño, sin cable, o  inalámbrico quetenga una bateria que dure bastante tiempo y tenga varias velocidades?;Sí, contamos con el atornillador Einhell TH-CD 12-2 LI, inalámbrico, con batería de litio de 12V, 2 velocidades y 19 niveles de torque.
162315;roller cortable blackout gris 120x180 cm de la marca orange del area de organizacion y decoracion para los persianas y cortinas de la linea rollers de procedencia nacional. altura del producto 135.00 cm, ancho del producto 5.50 cm, profundidad del producto 5.50 cm, volumen del producto 4083.75, ean 7862118105199, medidas 5.50x5.50x135.00, tipo de producto cortina, modelo blackout, color gris, material pvc/poliester, garantía por defecto de fabricación, procedencia nacional. . Son la solución para el manejo gradual de la luz, Tejido 100% Poliester, Proteccion UV, Fáciles de graduar y Manipular. Instalar correctamente los accesorios a la pared o tumbado para fijar la cortina.. Limpieza con aspiradora cada 3 meses;¿Tienen una cortina que se pueda subir y bajar de facil instalacion que bloquee la luz y sea fácil de graduar?;Sí, contamos con el roller blackout 120x180 cm en color gris, hecho de PVC y poliéster, con protección UV y fácil gradación.
26275;fotomural friendship 2 paños de la marca decopapel del area de pinturas para los acabados especiales de la linea papel decorativo de procedencia nacional. volumen del producto 0, ean 4036834212612, color no aplica, garantía 1 año, procedencia nacional. . . . ;¿Tienen algún fotomural decorativo en varios paños para colocar en la pared?;Sí, contamos con el fotomural Friendship de 2 paños de la marca Decopapel, ideal para decoración de paredes.
142226;xiaomi tv 50 pulgadas uhd p1 l50m6 mtk de la marca xiaomi del area de electro hogar para los tv, audio y video de la linea televisores de procedencia nacional. ancho del producto 111.70 cm, profundidad del producto 8.30 cm, volumen del producto 0, ean 6971408155743, tipo de producto televisor, modelo 34493, color negro, material abs, garantía 2 años, procedencia nacional, país de origen china. Disfruta de tus películas y series favoritas con este televisor que maneja la mejor resolución. Ahora puedes ver hasta los detalles más insignificantes de cada escena.. Android 10. PatchWall. Excelente calidad. Resistencia y durabilidad.. . Colocar sobre superficies planas o adaptar a una base ajustable.;¿Tienen un televisor de 50 pulgadas con resolución 4K y sistema Android, y con acceso a internet?;"Sí, contamos con el Xiaomi TV de 50"", resolución UHD 4K, con Android 10 y PatchWall para disfrutar de películas y series con gran detalle."
133453;taladro de banco 32mm 2hp de la marca kaili del area de herramientas para los herramientas electricas estacionarias de la linea taladros de banco de procedencia nacional. altura del producto 35.00 cm, ancho del producto 65.00 cm, volumen del producto 0, ean 2000003607334, tipo de producto taladros de banco, modelo no aplica, color azul, material acero, garantía 06 meses por defectos de fabricación, procedencia nacional. Taladro de banco fabricado en acero resistente. Interruptor de encendido y apagado.. 2HP/32 mm. Máquina estacionaria que puede montarse sobre una mesa de trabajo o directamente sobre el piso. Manivela de giro. Chuck intercambiable. Mesa regulable de trabajo. Poleas ajustables para regular la velocidad. Interruptor de encendido y apagado.. . Ideal para talleres, industrias pequeñas o incluso en el hogar.;¿Tienen un taladro de banco potente que tenga mesa regulable y chuck intercambiable?;Sí, contamos con el taladro de banco Kaili de 32 mm y 2HP, con mesa regulable, poleas ajustables y chuck intercambiable, ideal para talleres e industrias pequeñas.
138403;bateria 40b19l(35ah/330a) de la marca bosch del area de herramientas para los automotriz de la linea baterias de procedencia nacional. altura del producto 22.60 cm, ancho del producto 18.70 cm, profundidad del producto 12.70 cm, volumen del producto 5367.274, ean 4047025492669, medidas 18.70x12.70x22.60, tipo de producto batería, modelo 40b19i (35ah/330a), color gris, material plomo/ácido/plástico, garantía 1 año, procedencia nacional, país de origen corea del sur. Tu automóvil tendrá un gran desempeño gracias a esta fantástica batería. ¡Encuéntrala en Promart!. Batería de arranque tipo convencional para uso automotriz. Almacene las baterías en posición vertical, no exponer al sol, humedad y siempre en un lugar con ventilación. En algunos vehículos es necesario tener un procedimientoespecial en la instalación, utilizando equipos de diagnostico KTS (scanner), para realizar la secuencia y nueva programación de la batería. (Evitando desprogramación de unidades de mando y fallos de diferentes sistemas, verificar manual del vehículo).. Verificar la correcta aplicación y/o especificaciones técnicas, según vehículo (observar catálogo local del país). Para cambiar la batería, primero apagar el vehículo y todos sus consumidores (radio, luces, etc.), desconectar el borne negativo y después el borne positivo. Al conectar primero el borne positivo y luego el negativo. Revisar la correcta fijación del soporte y conexiones, evitando mal contacto, corto circuito y vibraciones. Revisar el sistema eléctrico (alternador y motor de arranque), para saber que está en condiciones adecuadas de equilibrio de consumo y carga para la batería. Nunca retirar la batería cuando el vehículo está en funcionamiento, porque se puede generar puntos altos de tensión, que afectan a componentes eléctricos y electrónicos.;¿Tienen una batería de auto de 35 amperios-hora que ofrezca buen desempeño y arranque seguro?;Sí, contamos con la batería Bosch 40B19L de 35Ah y 330A, ideal para un arranque confiable y con excelente desempeño.
61243;bloq.de humedad y salitre 1gl de la marca majestad del area de pinturas para los productos para resanar de la linea impermeablizantes de procedencia nacional. volumen del producto 0, ean 7750683000738, tipo de producto bloqueador, modelo humedad y salitre, color blanco, material otros, garantía 1 año, procedencia nacional. Ideal para recubrir superficies que presentan problemas de humedad. Se puede utilizar en cemento, piedra, techos, entre otros. Para interiores y exteriores.. . . ;¿Tienen algún producto para cubrir superficies con humedad o salitre en paredes o techos?;Sí, contamos con el bloqueador de humedad y salitre Majestad de 1 galón, ideal para aplicar en cemento, piedra, techos y más, tanto en interiores como exteriores.
133058;trampa multiposicion para lavatorio y lavadero de la marca coflex del area de gasfiteria para los accesorios sanitarios de la linea trampas de procedencia nacional. altura del producto 41.50 cm, ancho del producto 25.50 cm, profundidad del producto 4.00 cm, volumen del producto 4233, ean 710631923868, medidas 25.50x4.00x41.50, tipo de producto tubería, modelo no aplica, color plata, material polipropileno, garantía 10 años, procedencia nacional, país de origen méxico. Promart.pe te brinda productos de calidad superior, para que establezcas las conexiones sanitarias de tu hogar con eficacia y precisión, ya seas un experto o no en esta actividad.. Excelente calidad y resistencia.. . Asegurarse de una correcta instalación antes de su primer uso.;¿Tienen una trampa multiposición para lavatorio o lavadero que sea resistente y fácil de instalar?;Sí, contamos con la trampa multiposición Coflex, hecha de polipropileno en color plata, resistente y diseñada para instalaciones sanitarias precisas.
96733;"espatula flexible 5"" de la marca stanley del area de herramientas para los herramientas de mano de la linea espatulas de procedencia importado. altura del producto 22.50 cm, ancho del producto 12.70 cm, profundidad del producto 2.50 cm, volumen del producto 714.375, ean 747752057998, medidas 12.70x2.50x22.50, tipo de producto espátula, modelo stht05799, color plata, material acero inoxidable, garantía 1 año, procedencia importado, país de origen estados unidos. Con esta espátula, podrás realizar tus trabajos de albañilería sin  ningún contratiempo, ya que se acomoda perfecto a tu trabajo y a tus necesidades. Esta espátula es ideal para trabajar en cualquier tipo de ambiente. Debido al material que tiene, su hoja permite que tu trabajo sea aún mucho más fácil. Además es de larga durabilidad, para que no dejes de trabajar. No dejes escapar esta maravillosa oportunidad de contar con un producto fantástico. ¡Estás a un clic de una excelente compra, gracias a Promart!. Herramienta manual para trabajos de pintura, construcción, drywall, etc. Tapa y mango suave de aleación de zinc para mayor durabilidad. La hoja cónica desde el mango hasta la punta proporciona un acabado suave y parejo. La hoja de acero inoxidable evita la oxidación.. Resistentes a solventes. Producto punzo cortante.. Mantener el producto en un lugar limpio y ventilado, lejos de humedad. Enjuagar siempre después de utilizar. Almacenar la herramienta lubricada, si es por largo tiempo.";¿Tienen una espátula flexible para trabajos de pintura o drywall que sea resistente y duradera?;"Sí, contamos con la espátula flexible de 5"" Stanley, fabricada en acero inoxidable con mango de aleación, ideal para trabajos de pintura y construcción."
120115;caja chica roja con llave de la marca werken del area de ferreteria para los chapas y cerrajeria de la linea cajas de seguridad de procedencia importado. acabado brillante, tamaño del producto moderado, altura del producto 9.00 cm, ancho del producto 20.00 cm, profundidad del producto 16.00 cm, volumen del producto 2880, ean 2000001201152, medidas 20.00x16.00x9.00, tipo de producto caja, modelo c-200m5r, color rojo, material acero/plástico, garantía 10 años, procedencia importado, país de origen china. pProtege tus objetos de valor con la Caja de Seguridad Werken Modelo C-200M5R en color rojo brillante. Esta caja de seguridad de tamaño ideal cuenta con una caja interior de plástico y sistema de cierre mecánico con 2 llaves incluidas. Organiza y asegura tu dinero de forma segura y confiable. Con dimensiones de 20x16x9 cm, esta caja es perfecta para uso doméstico. Mantenla en un lugar seco y limpio para garantizar su durabilidad y funcionalidad a lo largo del tiempo. Características de la Caja de Seguridad Werken Modelo C-200M5R Roja de Acero/Plástico:ul liFabricada en resistente acero y plástico. liSistema de cierre con llave para mayor seguridad. liColor rojo brillante para fácil identificación. liDimensiones: 20x16x9 cm. liPeso del producto: 0.79 kg./ul. De ideal tamaño para guardar dinero y objetos pequeños de valor. Caja interior de plástico.. Organiza y asegura Dinero.. No colocar en espacios húmedos. Para un mejor rendimiento: ventilar por 20 minutos cada dos semanas. Mantener limpio y seco para evitar el exceso de suciedad y el deterioro del producto. Nunca usar disolvente o solventes químicos, ya que pueden dañar el acabado permanente.;¿Tienen una caja de seguridad pequeña con llave para guardar dinero u objetos de valor?;Sí, contamos con la caja de seguridad Werken C-200M5R, fabricada en acero y plástico, con cierre mecánico y dos llaves incluidas, ideal para guardar dinero y objetos pequeños.
22245;plywood moldaje b/cp 9mm 1.22x2.44m de la marca sumec del area de materiales de construccion para los tableros estructurales de la linea triplay fenolico de procedencia importado. altura del producto 0.90 cm, ancho del producto 122.00 cm, profundidad del producto 244.00 cm, volumen del producto 26791.2, ean 7806332005118, medidas 122.00x244.00x0.90, tipo de producto tablero, modelo plywood, color marrón, material pino radiata, garantía por defecto de fabricación, procedencia importado, país de origen perú. pBrindamos productos de excelente calidad en tableros estructurales de triplay, para que realices todo tipo de construcciones con eficacia y precisión, ya seas un experto o no en esta actividad. Tablero contrachapado hecho con 100% madera Pino Radiata. Excelente construcción interior que garantiza durabilidad y resistencia a la humedad. Permite una gran variedad de terminaciones y de usos, como: mueblería, estructuras, decoración, carpintería en general. ¡Compra online el Triplay Plywood fenólico moldaje B/cp 9mm 1.22x2.44 metros al mejor precio!h2Beneficios: Triplay Plywood fenólico moldaje B/cp 9mm 1.22x2.44 metrosulli Durabilidad y resistencia: Espesor de 9mm que proporciona estructura y estabilidad.li Versatilidad de uso: Ideal para muebles, revestimientos y trabajos de carpintería.li Estética atractiva: Color marrón natural que ofrece un acabado cálido y acogedor.li Dimensiones convenientes: Medidas de 1.22x2.44 metros para una fácil adaptación a diferentes proyectos.li Calidad garantizada: Cubierto por una garantía ante defectos de fabricación./ul. Tablero contrachapado hecho con 100% madera Pino Radiata. Excelente construcción interior que garantiza durabilidad y resistencia a la humedad.. Se recomienda recubrir el producto con barniz o laca según ambiente donde se instale. Usar herramientas y equipo de protección necesarios. Almacenar de forma correcta el producto, una mala manipulación puede dañar el producto.;¿Tienen triplay fenólico de 9 mm que sea resistente a la humedad y apto para estructuras o carpintería?;Sí, contamos con el triplay fenólico Moldeja B/CP de 9 mm, hecho con 100% pino radiata, resistente a la humedad y adecuado para muebles, estructuras y carpintería en general.
144128;rl cable thw-90 450/750 v 12 awg blanco 5m de la marca celsa del area de electricidad para los cables de la linea conductores electric 1 de procedencia nacional. altura del producto 0.40 cm, ancho del producto 0.40 cm, profundidad del producto 500.00 cm, volumen del producto 80, diametro del producto 0, ean 2000001441282, medidas 0.40x500.00x0.40, tipo de producto cable, modelo thw-90, color blanco, material cobre, garantía 2 años, procedencia nacional, país de origen perú. Para instalaciones fijas como alumbrado eléctrico en edificaciones, instalaciones fijas de propósito general en residencias, y redes de circuitos ramales.. Brinda mayor maniobrabilidad en las instalaciones dentro de tuberías lisas y corrugadas, además, disminuye el riesgo por daño en fricción y halado del cable dentro de las tuberías. Resiste el contacto con aceites y la gasolina, posee un aislamiento retardante a la llama, resistente a productos químicos y a la humedad. Tensión de operación: 450-750 V. Temperatura de operación: 90°C.. El aislamiento de PVC le otorga una adecuada resistencia a los  ácidos, grasa, aceites  y a la abrasión.. Ideal para instalación en lugares secos y húmedos. En ductos, tuberías, tableros, en bandejas portacables.;¿Cuál es la diferencia entre el cable THW-90 y otros tipos de cables en cuanto a su uso en instalaciones eléctricas?;El cable THW-90 es ideal para instalaciones fijas, como alumbrado y circuitos ramales. Su aislamiento de PVC le proporciona una gran resistencia a la humedad, aceites y productos químicos. A diferencia de otros cables, su diseño también minimiza el riesgo de daños por fricción y halado, lo que es crucial para mantener la seguridad y funcionalidad en sus instalaciones eléctricas.
157026;piso cementicio grey cenizo 120x60 2.16m2 de la marca orange del area de pisos y revestimientos para los pisos cementicio de la linea gress cementicio de procedencia importado. acabado mate, tamaño del producto moderado, altura del producto 120.10 cm, ancho del producto 60.10 cm, profundidad del producto 0.90 cm, volumen del producto 6496.209, diametro del producto 0, ean 2000001570265, medidas 60.10x0.90x120.10, tipo de producto piso, modelo cenizo, color gris, material arcilla, garantía 10 años, procedencia importado, país de origen china. Dale un toque distinto a tus interiores con este piso gress de alta calidad, atractivo diseño y de fácil instalación. Disfruta de lo más nuevo que Promart.pe trae para ti.. Resistente. Es muy versátil. Facilidad de mantenimiento.. Las dimensiones, el tono y el peso de las piezas presentan variaciones normales por el proceso de cocción.. Tomar las medidas pertinentes antes de su instalación. Limpiar con detergente especializado para el tipo de piso.;¿Cómo se comporta el piso cementicio en áreas de alto tráfico?;El piso cementicio Grey Cenizo es excepcionalmente resistente, diseñado para soportar el desgaste en áreas de alto tráfico. Su acabado mate reduce la visibilidad de arañazos y marcas, y es fácil de mantener. Recomendamos limpiarlo con detergentes especializados para prolongar su vida útil y mantener su apariencia.
134222;pulverizador 2lt de la marca ferticorp del area de jardin para los fertilizantes e insecticidas de la linea fumigadoras y sprayers de procedencia nacional. altura del producto 33.00 cm, ancho del producto 23.00 cm, profundidad del producto 14.00 cm, volumen del producto 10626, ean 2000001342220, medidas 23.00x14.00x33.00, tipo de producto fumigadora, modelo pulverizador 2lt, color blanco, material plástico, garantía 1 año, procedencia nacional. Pulverizador para desinfectar. Permite un rocío instantáneo para desinfectar la piel, superficies, escaleras, puertas, bolsas y envases.. Fumigador a presión con bomba tipo inflador y boquilla regulable.. -. -;¿El pulverizador ferticorp es apto para desinfectar superficies de manera efectiva?;Sí, nuestro pulverizador puede realizar un rocío instantáneo de desinfectantes, lo que lo hace perfecto para limpiar superficies diversas. Su boquilla regulable permite ajustar el spray, lo que maximiza la eficiencia en la desinfección, ya sea en casa o en espacios comerciales.
121599;prd est trama mix beige 30x60 ext 1.63 de la marca celima del area de pisos y revestimientos para los paredes de la linea paredes liso de procedencia nacional. acabado brillante, altura del producto 30.00 cm, ancho del producto 60.00 cm, profundidad del producto 0.90 cm, volumen del producto 1620, ean 7751239134563, medidas 60.00x0.90x30.00, tipo de producto pared, modelo trama mix, color beige, material arcilla, garantía 5 años, procedencia nacional, país de origen perú. . Cumple con la Norma ISO 13006. Fácil mantenimiento y larga duración.. Placa hecha de arcilla utilizada para revestir solo paredes.. Mantener limpio con un paño húmedo para evitar exceso de polvo y suciedad en general.;¿La placa celima es adecuada para revestir paredes y es fácil de mantener?;Sí, la placa Trama Mix Beige es ideal para revestir paredes y tiene un acabado brillante que realza cualquier espacio. Además, su mantenimiento es sencillo, solo requiere limpieza con un paño húmedo. Viene con una garantía de 5 años, asegurando su durabilidad y calidad.
134749;piscina estructural circular 15232lt - 427x122cm de la marca bestway del area de jardin para los productos para piscinas de la linea piscinas de procedencia importado. volumen del producto 0, ean 6942138981957, tipo de producto piscina, modelo no aplica, color marrón, material acero/poliéster/pvc, garantía 1 año, procedencia importado, país de origen china. Refréscate este verano junto a tu familia con esta práctica piscina estructural que puedes colocar en tu patio o jardín.. . . Colocarla sobre una superficie totalmente plana y evitar el contacto con objetos filosos a su alrededor.;¿La piscina circular es fácil de instalar y segura para usar en el patio?;Sí, la piscina estructural circular es fácil de instalar y diseñada para colocarse en superficies planas. Su construcción de acero, poliéster y PVC la hace durable y segura. Con una garantía de 1 año, es perfecta para disfrutar del verano en familia.
149697;letrero peligro alto voltaje, 30 x 40 cm de la marca sm del area de herramientas para los seguridad industrial de la linea señales de seguridad de procedencia nacional. altura del producto 30.00 cm, ancho del producto 40.00 cm, profundidad del producto 0.30 cm, volumen del producto 360, ean 2000001496978, medidas 40.00x0.30x30.00, tipo de producto letrero, modelo alto voltaje, color negro, material pvc, garantía 1 año, procedencia nacional, país de origen perú. Contar con una correcta señalización dentro de tu oficina o negoció es fundamental para orientar a las personas y evitar contratiempos indeseados.. Excelente calidad. Resistencia y durabilidad.. . Se puede colocar en una pared.;¿Los letreros de seguridad son adecuados para instalaciones interiores y exteriores?;Sí, este letrero de peligro alto voltaje es versátil. Su material PVC es resistente y duradero, lo que lo hace apto tanto para entornos interiores como exteriores. Asegura una señalización clara y efectiva para evitar accidentes en áreas donde se manejan equipos eléctricos.
133344;desarmador con accesorios 29pcs de la marca kamasa del area de herramientas para los herramientas de mano de la linea desarmadores de procedencia nacional. altura del producto 210.00 cm, ancho del producto 110.00 cm, profundidad del producto 34.00 cm, volumen del producto 785400, ean 2000003653461, medidas 110.00x34.00x210.00, tipo de producto desarmador, modelo no aplica, color amarillo, material acero cromado, garantía 06 meses por defectos de fabricación, procedencia nacional. Desarmador que asegura un mejor agarre por parte del usuario.. Con recubrimiento anticorrosión. Cuenta con caja plástica porta piezas.. . Ideal para apretar y aflojar tornillos y otros elementos de máquinas que requieran poca fuerza de apriete con diámetros pequeños.;¿Los desarmadores kamasa son versátil y adecuado para trabajos de precisión?;Sí, este desarmador es ideal para apretar y aflojar tornillos de diámetros pequeños. Su diseño con recubrimiento anticorrosión garantiza durabilidad, y viene con 29 accesorios en una caja plástica para un fácil almacenamiento. Además, cuenta con una garantía de 6 meses por defectos de fabricación. ¡Perfecto para tus proyectos de precisión!
143455;organizador sobre inodoro haya de la marca tuhome del area de baños para los muebles de baño de la linea muebles y auxiliares de baño de procedencia nacional. altura del producto 132.90 cm, ancho del producto 60.10 cm, profundidad del producto 26.80 cm, volumen del producto 214059.372, ean 7707062387744, medidas 60.10x26.80x132.90, tipo de producto mueble, modelo haya, color beige, material melamina, garantía 3 meses, procedencia nacional. Renueva el diseño de tu baño y ahorra espacio con este resistente organizador que podrás colocar en cualquier parte de tu baño.. Excelente estructura. Resistencia y durabilidad a su alcance.. . Limpiar con paño seco. Seguir las instrucciones de uso.;¿El organizador de inodoro es funcional y resistente para el baño?;Sí, este organizador es muy funcional y está diseñado para ahorrar espacio en tu baño. Hecho de melamina, ofrece excelente resistencia y durabilidad. Además, es fácil de limpiar con un paño seco y cuenta con una garantía de 3 meses. ¡Ideal para mantener tu baño ordenado y estilizado!
151771;vanitorio brescia caramelo de la marca bianely del area de baños para los muebles de baño de la linea vanitorios de procedencia nacional. acabado mate, tamaño del producto grande, altura del producto 52.00 cm, ancho del producto 60.00 cm, profundidad del producto 47.00 cm, volumen del producto 146640, ean 2000001517710, medidas 60.00x47.00x52.00, tipo de producto vanitorio, modelo brescia, color marrón, material melamina, garantía 1 año, procedencia nacional, país de origen perú. Vanitorio de gran durabilidad y diseño compacto. Ideal para ahorrar espacio y mantener en orden todos tus accesorios dentro del baño.. . . Limpiar periódicamente a fin de evitar la adhesión de sustancias que puedan deteriorarlo. Limpiar con limpiavidrios o solución de agua y jabón, aplicando con esponja o paño de poliseda o microfibra. Mantener el producto siempre seco.;¿Qué cuidados debo tener con los vanitorios para asegurar su durabilidad?;Para mantener su vanitorio Brescia en excelentes condiciones, recomendamos limpiarlo periódicamente con soluciones de agua y jabón utilizando esponjas suaves. Evite el uso de productos abrasivos, ya que pueden dañar el acabado. Mantenerlo siempre seco también ayuda a evitar la acumulación de sustancias que podrían deteriorarlo.
161680;taper 1.2l con cubiertos de la marca sm del area de tendencias para los colecciones de la linea decoracion de procedencia importado. altura del producto 6.80 cm, ancho del producto 16.80 cm, profundidad del producto 22.90 cm, volumen del producto 2616.096, diametro del producto 0, ean 3560233012562, medidas 16.80x22.90x6.80, tipo de producto taper, modelo con cubiertos, color aleatorio, material polipropileno, garantía 06 meses por defectos de fabricación, procedencia importado, país de origen vietnam. . . . ;¿El taper de cubiertos es adecuado para llevar comida y qué características especiales tiene?;Sí, este taper de 1.2 litros es ideal para llevar comida. Hecho de polipropileno, es resistente y viene con cubiertos incluidos, perfectos para el trabajo o picnics. Su diseño compacto facilita el transporte, y cuenta con una garantía de 6 meses.
117298;fiddler audifono con microfono azul de la marca fiddler del area de electricidad para los tecnologia de la linea audifonos y mini speakers de procedencia nacional. altura del producto 120.00 cm, volumen del producto 0, diametro del producto 1.00 cm, ean 7756427000422, tipo de producto audífono, modelo fd-080fb, color azul, material abs, garantía 1 año, procedencia nacional, país de origen china. Sumérgete dentro de tus canciones favoritas con estos espectaculares y económicos audífonos que tienen el volumen perfecto y potente que estás buscando.. Audifono con micrófono incorporado, cuenta con un boton para 4 funciones como reproducir, suspender, responder y colgar llamadas, además tiene un aproxidado de 1.2 metros de cable plano.. Tiene un sensibilidad de 116dB y una resistencia de 32ohm, además es compatible con Android, iOS y Black Berry.. Tener en cuenta siempre la resistencia antes de conectarlo a computadoras, laptos, equipo de sonido ya que podria afectarse y utilizar un volúmen moderado.;¿Los audífonos fiddler son compatibles con mis dispositivos y tienen buena calidad de sonido para canciones y llamadas?;¡Absolutamente! Los audífonos Fiddler con micrófono incorporado son compatibles con dispositivos Android, iOS y BlackBerry, lo que los hace muy versátiles. Con una sensibilidad de 116dB y una resistencia de 32 ohmios, ofrecen un sonido potente y claro, perfecto para disfrutar de tus canciones favoritas y realizar llamadas nítidas. Gracias a su botón multifuncional, podrás reproducir, pausar, responder y colgar llamadas fácilmente. Recuerda usar un volumen moderado al conectarlos a computadoras o equipos de sonido para optimizar su rendimiento y duración. Estos audífonos son una gran opción tanto para la música como para el uso diario.
82863;zocalo porcelanato esmaltado line stone 7.3x60 de la marca kantu del area de pisos y revestimientos para los decorados de la linea zocalos de procedencia nacional. acabado marmolizado, altura del producto 7.30 cm, ancho del producto 60.00 cm, profundidad del producto 1.00 cm, volumen del producto 438, ean 7754021014562, medidas 60.00x1.00x7.30, tipo de producto zócalo, modelo esmaltado line stone, color beige, material porcelanato, garantía 1 año, procedencia nacional, país de origen perú. Decora y protege las paredes de tu hogar, negocio u oficina colocando zócalos que se adecuen al diseño de tus ambientes.. Protección para el borde de las paredes. Brinda mejor presentación visual entre el piso y la pared. Colocar el producto hacia el borde la pared, pegarlo con un pegamento en polvo o pasta.. El tono del Zócalo no siempre es igual al de la mayólica o porcelanato.. Mantener en un lugar limpio y ventilado. Mantenerlo siempre limpio, cuidar los golpes que puedan originarse con los objetos que se encuentren alrededor. Elegir correctamente el diseño o acabado del producto antes de realizar la instalación.;¿El zócalo de porcelanato es adecuado para proteger las paredes en un ambiente de alto tráfico y cómo debe ser instalado?;Sí, el zócalo porcelanato esmaltado Line Stone es ideal para proteger las paredes en ambientes de alto tráfico. Su acabado marmolizado no solo proporciona un aspecto elegante, sino que también es resistente y fácil de limpiar. Para la instalación, debe colocarlo correctamente en el borde de la pared y pegarlo con un adhesivo apropiado, como pegamento en polvo o pasta. Es importante mantenerlo limpio y evitar golpes con objetos duros para preservar su integridad. Asegúrese de elegir un diseño que complemente su ambiente para lograr una presentación visual armoniosa entre el piso y la pared.
118259;papelera magaly #20 metalizada de la marca reyplast del area de cocina para los organizacion de cocina de la linea tachos de cocina de procedencia nacional. acabado metalizado, altura del producto 43.50 cm, volumen del producto 0, diametro del producto 25.30 cm, ean 7750062018194, tipo de producto papelera, modelo magaly, color negro, material plástico, garantía 06 meses por defectos de fabricación, procedencia nacional, país de origen perú. Diseño de presentación elegante, cuerpo cilíndrico con ligera conicidad que permite insertar uno dentro de otro, con corona que incluye práctico vaivén de boca amplia. Resistente al impacto y deformaciones, estructura completamente rígida (fondo con anillo de gran rigidez).. Diseño de presentación elegante, cuerpo cilíndrico con ligera conicidad que permite insertar uno dentro de otro, con corona que incluye práctico vaivén de boca amplia. Resistente al impacto y deformaciones, estructura completamente rígida (fondo con anillo de gran rigidez).. . Usar hasta el límite establecido. Lavar frecuentemente para evitar malos olores.;¿La papelera metalizada es para uso en la cocina, y cómo puedo asegurarme de que se mantenga limpia y en buen estado?;¡Por supuesto! La papelera Magaly está diseñada específicamente para entornos de cocina. Su acabado metalizado y estructura rígida la hacen resistente a impactos y deformaciones. Para mantenerla en óptimas condiciones, le recomendamos lavarla frecuentemente con agua y jabón suave. Además, su diseño con boca amplia facilita la desechar residuos sin complicaciones, y su ligera conicidad permite que se puedan apilar si necesita más de una. Recuerde usarla dentro del límite de capacidad para evitar cualquier deformación.
14455;"batería s560dh (60ah/460a) de la marca bosch del area de herramientas para los automotriz de la linea baterias de procedencia nacional. volumen del producto 0, ean 4047024046900, tipo de producto batería, modelo s560dh, color no aplica, garantía 1 año, procedencia nacional. Bosch y Promart se unen para brindarte las mejores autopartes. Hoy trae la batería S560DH que tiene la capacidad de suministrar 60 amperios durante una hora. Además, tiene una capacidad de arranque en frío o potencia de arranque de 460A (-18°C) y 720 (25°C); una capacidad de reserva de 100 minutos, es decir que durante ese tiempo su batería completamente cargada puede proveer 25A antes que su voltaje disminuya a 10.5V; 11 placas y borne grueso.Tu automóvil tendrá un gran desempeño gracias a esta fantástica batería. ¡Encuéntrala en Promart!. Están fabricadas para satisfacer las necesidades propias de un automóvil con accesorios eléctricos complejo. Con un gran poder de arranque y una larga duracion incluso en las condiciones mas extremas.. . Mantenga la superficie de la batería limpia y seca, limpie únicamente con un trapo húmedo o antiestático. El uso de luces, radio o aire acondicionado cuando el automóvil se encuentra parado genera una descarga profunda de la batería, por ello, debemos tratar de evitar su empleo recurrente y constante. Prevenga los problemas de arranque revisando la batería de su coche periódicamente. Contrate a un profesional en caso requiera sustituir la batería. Asegúrese que el servicio de sustitución de batería elegido sea el adecuado. Para desmontar, desconecte primero el polo negativo (-) y después el polo positivo (+).";¿Qué precauciones debo tener al instalar la batería bosh en mi automóvil?;Al instalar la batería S560DH, es crucial empezar desconectando primero el polo negativo y luego el positivo. Asegúrese de mantener la superficie de la batería limpia y seca. Además, evite el uso prolongado de accesorios eléctricos mientras el vehículo está parado para no descargar la batería.
151492;command gancho ancla niquel satinado decorativo de la marca 3m del area de ferreteria para los productos de fijacion de la linea ganchos adhesivos de procedencia nacional. tamaño del producto pequeño, altura del producto 10.30 cm, ancho del producto 6.00 cm, volumen del producto 0, diametro del producto 0, ean 638060081068, tipo de producto gancho, modelo ancla grande, color plata, material acero templado/níquel, garantía por defecto de fabricación, procedencia nacional, país de origen estados unidos. Se adhiere a la pared firmemente sin dañar y no requiere herramientas para su instalación. Sostiene hasta 1.8 kg. Son tan fáciles de montar y remover que puede hacerlo usted mismo. Disfruta de lo más nuevo que Promart.pe trae para ti.. Se adhiere a la pared firmemente sin dañar y no requiere herramientas para su instalación. Sostiene hasta 1.8 kg. Son tan fáciles de montar y remover que puede hacerlo usted mismo.. No aplica. Ideal para uso en interiores. Funcionan en superficies expuestas a la humedad como el baño.;¿El gancho ancla de niquel es fácil de instalar en casa?;Sí, se adhiere firmemente sin dañar la pared y no requiere herramientas. Es muy fácil de montar y soporta hasta 1.8 kg, siendo ideal para interiores, incluso en baños.
158994;lámpara led ballena de la marca orange del area de iluminacion para los iluminacion decorativa de la linea iluminacion niños de procedencia importado. altura del producto 15.00 cm, ancho del producto 6.40 cm, profundidad del producto 6.40 cm, volumen del producto 614.4, ean 2000001589946, medidas 6.40x6.40x15.00, tipo de producto lámpara, modelo ballena, color blanco, material abs, garantía 1 año, procedencia importado, país de origen china. Mini Lámpara Orange Ballena ABS Blanco. Disfruta de lo más nuevo que Promart.pe trae para ti.. . . ;¿La lámpara ballena es adecuada para la habitación de un niño?;Sí, la lámpara LED Ballena es perfecta para habitaciones infantiles. Su diseño divertido y color blanco aporta un toque decorativo, y es segura y duradera. Además, cuenta con una garantía de 1 año. ¡Ideal para iluminar el espacio de tus pequeños!
151737;"disco multicorte 180x1.6x22.23 7""x1/16""x7/8"" de la marca norton del area de herramientas para los accesorios para herramientas electricas de la linea discos de corte de procedencia nacional. altura del producto 18.00 cm, ancho del producto 18.00 cm, profundidad del producto 0.16 cm, volumen del producto 51.84, diametro del producto 18.00 cm, ean 8711479614071, medidas 18.00x0.16x18.00, tipo de producto disco, modelo multicorte, color no aplica, material otros, garantía por defecto de fabricación, procedencia nacional, país de origen brasil. . Tecnología exclusiva. Permite corte hasta de 6 diferentes materiales. 2 telas de refuerzo. Cortes suaves y sin contaminación. Menos desperdicio del material. Fácil control para cortes precisos. Bajo ruido en la operación. Estable y seguro.. . Ideal para corte en 6 tipos diferentes de materiales: acero, inoxidable, PVC, aluminio, azulejo y piedra. Guardar en un lugar seguro y limpio. Disminuya riesgo de lesiones usando protección adecuada para ojos, oídos y vías respiratorias. Leer las indicaciones del producto antes de utilizar (si lo tuviera). Respetar la capacidad de revoluciones que soporta el accesorio. Discos dañados o descentrados no deben ser utilizados. Utilice el tipo de disco adecuado para cada material.";¿El disco multicorte norton es versátil y puede cortar varios tipos de materiales?;Sí, este disco multicorte es ideal para cortar hasta 6 tipos de materiales, incluyendo acero, PVC, aluminio, azulejo y piedra. Su tecnología exclusiva proporciona cortes suaves y precisos, minimizando desperdicios. Recuerde usar la protección adecuada durante su uso. ¡Perfecto para tus proyectos!
162041;"kit tal dhp485z   dtd153z   2bat  carg   mp de la marca makita del area de herramientas para los proyecto showroom de la linea taladros percusión inal showroom de procedencia nacional. altura del producto 21.00 cm, ancho del producto 9.00 cm, profundidad del producto 19.00 cm, volumen del producto 3591, ean 88381869768, medidas 9.00x19.00x21.00, tipo de producto taladro, modelo dlx2283s, color azul, material poliamida, garantía 1 año, procedencia nacional, país de origen china. Herramienta muy potente para que puedas realizar todo tipo de trabajos con la mayor precisión.. El Kit Makita DLX2283S incluye el Taladro Combinado DHP485, el Atornillador de Impacto DTD153Z. El Taladro DHP485 tiene un motor sin escobillas (BL) para mayor eficiencia y un par máximo de 50 Nm, además de función de percusión y luz LED para trabajar en diversas condiciones. El Atornillador DTD153Z es compacto y ligero, con un par de 170 Nm y motor Brushless, ideal para espacios reducidos con inserción de 1/4"" para un cambio rápido de puntas y luz LED. Este kit incluye, 2 baterías de 3.0 Ah, un cargador DC18SD y maleta de lona.. Ninguna. Para un mejor desempeño de tu herramienta, usa accesorios Makita";¿El kit de taladro makita es adecuado para trabajos profesionales y qué incluye?;Sí, este kit Makita es perfecto para trabajos profesionales. Incluye un taladro combinado DHP485 con función de percusión y un atornillador DTD153Z, ambos con motores sin escobillas para mayor eficiencia. Además, vienen con 2 baterías de 3.0 Ah, un cargador y una maleta de lona para almacenamiento. ¡Ideal para cualquier proyecto!
153140;pegamentos chemita gris extrafuerte x 25 kg de la marca chema del area de pisos y revestimientos para los pegamentos y fraguas de la linea pegamentos en polvo de procedencia nacional. altura del producto 50.00 cm, ancho del producto 29.00 cm, profundidad del producto 11.00 cm, volumen del producto 15950, diametro del producto 0, ean 7750278007234, medidas 29.00x11.00x50.00, tipo de producto pegamento, modelo extrafuerte, color gris, material polímero, garantía 1 año, procedencia nacional, país de origen perú. . Formulado con polímeros para enchapar cerámicos, porcelanatos, gres porcelanicos y otros materiales sobre concreto frotachado, rayado y pulidos en ambientes interiores como exteriores. Tiene buena resistencia a la humedad, mayor tiempo de trabajabilidad y durabilidad. Permite además enchapar sobre otros enchapes existentes sin necesidad de retirarlos ni utilizar Primers. Permite enchapar sobre superficies de concreto frotachado y pulido sin necesidad de picar o rayar previamente. En superficies verticales, permite enchapar formatos de hasta 60x60 cm sin deslizamiento, para formatos mayores se recomienda utilizar soporte mecánico. En superficies horizontales permite formatos mayores. Dependiendo del formato se deberá utilizar el método del doble encolado. Su consistencia suave y cremosa le confiere excelente trabajabilidad (hasta 6 h). Los pisos pueden entrar en servicio después de 24 h de enchapado.. Cumple con la norma ISO 13007-1 clasificado como C2 (adhesivo cementicio mejorado).. Ideal para labores de enchape.;¿El pegamento chemita sirve para enchapar en ambientes interiores y exteriores?;Sí, el pegamento Chemita es ideal para enchapar cerámicos y porcelanatos en ambientes interiores y exteriores. Tiene buena resistencia a la humedad y permite enchapar sobre superficies existentes sin picar o retirar. Además, su consistencia suave facilita su aplicación, y los pisos pueden usarse 24 horas después de enchapado. ¡Perfecto para tus proyectos de revestimiento!
147622;colgante montefio  plata de la marca eglo del area de iluminacion para los iluminacion decorativa de la linea colgantes trendy de procedencia nacional. altura del producto 183.00 cm, ancho del producto 13.50 cm, profundidad del producto 13.50 cm, volumen del producto 33351.75, diametro del producto 13.50 cm, ean 9002759937843, medidas 13.50x13.50x183.00, tipo de producto lámpara, modelo montello, color plata, material acero, garantía 1 año, procedencia nacional, país de origen austria. Necesitas iluminar tu sala, comedor o dormitorio, lo que tú requieres es este colgante que Promart.pe pone al alcance de tus manos. No solo podrás alumbrar grandes áreas de tu hogar, también podrás utilizarlo como decoración ya que tiene detalles que podrán atraer más luz a la habitación.. Excelente calidad. Resistencia y durabilidad.. Garantía de 5 años.. Instalar por un técnico especializado.;¿la luz colgante es adecuado para iluminar grandes espacios y tiene un buen diseño?;Sí, el colgante Montefio es perfecto para iluminar salas, comedores o dormitorios. Su diseño elegante en plata no solo proporciona luz, sino que también añade un toque decorativo. Además, cuenta con una garantía de 1 año, ofreciendo resistencia y durabilidad. ¡Ideal para realzar cualquier ambiente!